Title,熱中症特別警戒情報・熱中症警戒情報,,,,,,,,,
Encoding,UTF-8,,,,,,,,,
TimeZone,+09:00,,,,,,,,,
CreateDate,2025/08/31,,,,,,,,,
CreateTime,04:30:02,,,,,,,,,
PublishingOffice,環境省,,,,,,,,,
ReportDate,2025/08/31,,,,,,,,,
ReportTime,05:00:00,,,,,,,,,
TargetDate1,2025/08/31,,,,,,,,,
TargetTime1,05:00:00,,,,,,,,,
DurationTime1,19:00:00,,,,,,,,,
TargetDate2,2025/09/01,,,,,,,,,
TargetTime2,00:00:00,,,,,,,,,
DurationTime2,24:00:00,,,,,,,,,
BriefComment1,自分と自分の周りの人の命を守ってください,,,,,,,,,
BriefComment2,暑さから、自分の身を守りましょう,,,,,,,,,
KeyMessage1,熱中症特別警戒情報発表対象地域の皆様へ：○広域的に過去に例のない危険な暑さ等となり、人の健康に係る重大な被害が生じるおそれがあります！！○自分の身を守るだけでなく、危険な暑さから自分と自分の周りの人の命を守ってください！！・具体的には、全ての方が自ら涼しい環境で過ごすとともに、高齢者、乳幼児等の熱中症にかかりやすい方の周りの方は、熱中症にかかりやすい方が室内等のエアコン等により涼しい環境で過ごせているか確認してください。・また、校長や経営者、イベント主催者等の管理者は、全ての人が熱中症対策を徹底できているか確認し、徹底できていない場合は、運動、外出、イベント等の中止、延期、変更（リモートワークへの変更を含む。）等を判断してください。○今まで普段心掛けていただいている熱中症予防行動と同様の対応では不十分な可能性がありますので、今一度気を引き締めていただいた上で、準備や対応が必要です。,,,,,,,,,
KeyMessage2,熱中症警戒情報対象地域の皆様へ：○熱中症警戒アラートが発表された地域において、気温が著しく高くなることにより熱中症による人の健康に係る被害が生ずるおそれがあるので、他人事と考えず、暑さから、自分の身を守りましょう！！○まずは、室内等のエアコン等により涼しい環境にて過ごしましょう。○その上で、こまめな休憩や水分補給・塩分補給をしましょう。○高齢者、乳幼児等の方は熱中症にかかりやすいので特に注意し、周囲の方も声かけをしましょう。○皆で、身近な場所での暑さ指数（WBGT）を確認し、涼しい環境以外では、運動等を中止しましょう（皆で熱中症対策を積極的に取りやすい環境づくりをしましょう。）！！,,,,,,,,,
KeyMessage3,,,,,,,,,,
FlagExplanation,発表無し:0、熱中症警戒情報発表:1、熱中症特別警戒情報判定:2、熱中症特別警戒情報発表:3、発表時間外:9,,,,,,,,,
Status,通常,,,,,,,,,
InternalFlag,0000000000,,,,,,,,,
府県予報区,都府県・振興局表示番号,都府県・振興局表示番号サブ,府県予報区等コード,都道府県名,都道府県コード,TargetDate1フラグ,TargetDate2フラグ,日最高WBGT（10:00）,日最高WBGT（17:00）,日最高WBGT（5:00）
宗谷地方,11,0,011000,北海道,01,0,9,宗谷岬:24/稚内:24/礼文:25/浜鬼志別:25/沼川:24/沓形:25/豊富:25/浜頓別:26/中頓別:25/北見枝幸:25/歌登:25,宗谷岬:24/稚内:24/礼文:25/浜鬼志別:25/沼川:24/沓形:25/豊富:24/浜頓別:26/中頓別:25/北見枝幸:25/歌登:25,宗谷岬:24/稚内:24/礼文:24/浜鬼志別:25/沼川:24/沓形:25/豊富:25/浜頓別:26/中頓別:26/北見枝幸:25/歌登:26
上川・留萌地方,12,0,012000,北海道,01,0,9,中川:25/音威子府:26/美深:24/名寄:24/下川:24/士別:24/朝日:24/和寒:24/江丹別:24/比布:24/上川:22/旭川:24/東川:23/志比内:24/美瑛:24/上富良野:25/富良野:24/麓郷:23/幾寅:24/占冠:24/朱鞠内:25/幌加内:24/天塩:25/遠別:25/初山別:25/焼尻:24/羽幌:26/達布:26/留萌:25/増毛:25/幌糠:25,中川:25/音威子府:26/美深:24/名寄:25/下川:24/士別:24/朝日:24/和寒:24/江丹別:24/比布:24/上川:22/旭川:24/東川:24/志比内:23/美瑛:24/上富良野:25/富良野:24/麓郷:23/幾寅:23/占冠:23/朱鞠内:25/幌加内:24/天塩:25/遠別:25/初山別:25/焼尻:24/羽幌:25/達布:25/留萌:25/増毛:26/幌糠:25,中川:26/音威子府:26/美深:24/名寄:24/下川:24/士別:24/朝日:24/和寒:24/江丹別:23/比布:24/上川:22/旭川:24/東川:24/志比内:24/美瑛:24/上富良野:25/富良野:23/麓郷:23/幾寅:23/占冠:22/朱鞠内:25/幌加内:23/天塩:25/遠別:25/初山別:25/焼尻:24/羽幌:25/達布:25/留萌:25/増毛:25/幌糠:24
石狩・空知・後志地方,14,0,016000,北海道,01,0,9,浜益:25/厚田:25/新篠津:24/山口:26/石狩:24/江別:24/札幌:24/恵庭島松:24/支笏湖畔:22/石狩沼田:25/秩父別:25/深川:23/空知吉野:23/滝川:24/芦別:24/月形:25/美唄:24/岩見沢:24/長沼:25/夕張:23/美国:24/神恵内:25/余市:24/小樽:25/共和:25/蘭越:24/倶知安:24/寿都:24/真狩:22/喜茂別:23/黒松内:24,浜益:26/厚田:25/新篠津:24/山口:26/石狩:24/江別:25/札幌:25/恵庭島松:25/支笏湖畔:22/石狩沼田:25/秩父別:24/深川:24/空知吉野:24/滝川:24/芦別:24/月形:25/美唄:24/岩見沢:24/長沼:26/夕張:23/美国:24/神恵内:25/余市:25/小樽:25/共和:25/蘭越:24/倶知安:24/寿都:24/真狩:22/喜茂別:24/黒松内:25,浜益:24/厚田:25/新篠津:24/山口:25/石狩:24/江別:24/札幌:24/恵庭島松:24/支笏湖畔:21/石狩沼田:25/秩父別:24/深川:23/空知吉野:23/滝川:24/芦別:24/月形:24/美唄:24/岩見沢:25/長沼:25/夕張:23/美国:23/神恵内:25/余市:24/小樽:25/共和:25/蘭越:24/倶知安:23/寿都:24/真狩:22/喜茂別:24/黒松内:24
網走・北見・紋別地方,17,0,013000,北海道,01,0,9,雄武:26/興部:24/西興部:24/紋別:24/湧別:24/滝上:24/常呂:24/遠軽:24/佐呂間:23/網走:24/宇登呂:24/白滝:22/生田原:23/北見:23/小清水:24/斜里:25/留辺蘂:22/境野:23/美幌:24/津別:23,雄武:25/興部:24/西興部:24/紋別:24/湧別:24/滝上:24/常呂:24/遠軽:24/佐呂間:23/網走:24/宇登呂:24/白滝:22/生田原:23/北見:23/小清水:24/斜里:25/留辺蘂:22/境野:22/美幌:24/津別:23,雄武:24/興部:24/西興部:24/紋別:25/湧別:24/滝上:24/常呂:24/遠軽:24/佐呂間:24/網走:24/宇登呂:24/白滝:22/生田原:23/北見:23/小清水:24/斜里:26/留辺蘂:22/境野:23/美幌:23/津別:23
釧路・根室地方,18,0,014100,北海道,01,0,9,羅臼:20/標津:22/上標津:22/中標津:21/別海:22/根室:19/納沙布:21/厚床:22/川湯:23/弟子屈:21/阿寒湖畔:22/標茶:22/鶴居:22/中徹別:23/榊町:20/太田:21/白糠:21/釧路:21/知方学:19,羅臼:21/標津:22/上標津:21/中標津:21/別海:22/根室:19/納沙布:21/厚床:22/川湯:23/弟子屈:21/阿寒湖畔:22/標茶:22/鶴居:22/中徹別:22/榊町:19/太田:20/白糠:21/釧路:20/知方学:19,羅臼:20/標津:21/上標津:22/中標津:21/別海:22/根室:19/納沙布:20/厚床:21/川湯:23/弟子屈:22/阿寒湖畔:22/標茶:22/鶴居:22/中徹別:23/榊町:18/太田:21/白糠:22/釧路:20/知方学:17
十勝地方,20,0,014030,北海道,01,0,9,陸別:23/ぬかびら源泉郷:22/上士幌:22/足寄:23/本別:23/新得:24/鹿追:23/駒場:23/芽室:23/帯広:24/池田:24/浦幌:24/糠内:24/上札内:22/更別:22/大津:22/大樹:22/広尾:23,陸別:22/ぬかびら源泉郷:21/上士幌:22/足寄:23/本別:23/新得:23/鹿追:23/駒場:23/芽室:23/帯広:24/池田:24/浦幌:24/糠内:23/上札内:22/更別:22/大津:22/大樹:22/広尾:22,陸別:22/ぬかびら源泉郷:21/上士幌:23/足寄:23/本別:23/新得:24/鹿追:24/駒場:24/芽室:23/帯広:24/池田:25/浦幌:24/糠内:24/上札内:23/更別:23/大津:22/大樹:22/広尾:21
胆振・日高地方,21,0,015000,北海道,01,0,9,厚真:25/穂別:26/大滝:24/森野:24/苫小牧:25/大岸:25/白老:24/鵡川:25/伊達:25/登別:24/室蘭:25/日高:24/日高門別:25/新和:26/静内:26/三石:25/中杵臼:25/浦河:24/えりも岬:23,厚真:25/穂別:25/大滝:23/森野:23/苫小牧:24/大岸:25/白老:23/鵡川:25/伊達:25/登別:24/室蘭:25/日高:24/日高門別:25/新和:25/静内:26/三石:25/中杵臼:25/浦河:25/えりも岬:24,厚真:25/穂別:25/大滝:23/森野:23/苫小牧:24/大岸:25/白老:23/鵡川:25/伊達:25/登別:24/室蘭:24/日高:24/日高門別:25/新和:25/静内:25/三石:25/中杵臼:25/浦河:24/えりも岬:23
渡島・檜山地方,23,0,017000,北海道,01,0,9,長万部:25/八雲:24/森:24/川汲:23/北斗:26/函館:26/木古内:24/松前:27/熊石:25/せたな:25/今金:25/奥尻:24/鶉:26/江差:25,長万部:25/八雲:25/森:24/川汲:23/北斗:25/函館:26/木古内:25/松前:27/熊石:25/せたな:25/今金:26/奥尻:25/鶉:25/江差:26,長万部:25/八雲:24/森:24/川汲:24/北斗:25/函館:26/木古内:25/松前:26/熊石:25/せたな:25/今金:26/奥尻:24/鶉:26/江差:26
青森県,31,0,020000,青森,02,0,9,大間:26/むつ:26/小田野沢:26/今別:28/脇野沢:27/市浦:28/蟹田:27/五所川原:28/青森:28/野辺地:27/六ケ所:27/鰺ケ沢:27/深浦:27/弘前:28/黒石:27/酸ケ湯:22/三沢:27/十和田:27/八戸:28/碇ケ関:26/休屋:26/三戸:28,大間:26/むつ:26/小田野沢:26/今別:27/脇野沢:27/市浦:27/蟹田:27/五所川原:28/青森:27/野辺地:26/六ケ所:26/鰺ケ沢:27/深浦:27/弘前:28/黒石:26/酸ケ湯:22/三沢:26/十和田:26/八戸:26/碇ケ関:26/休屋:25/三戸:28,大間:27/むつ:26/小田野沢:26/今別:25/脇野沢:27/市浦:27/蟹田:26/五所川原:28/青森:26/野辺地:26/六ケ所:26/鰺ケ沢:26/深浦:26/弘前:27/黒石:26/酸ケ湯:22/三沢:27/十和田:27/八戸:27/碇ケ関:26/休屋:25/三戸:27
秋田県,32,0,050000,秋田,05,0,9,八森:28/能代:28/鷹巣:28/大館:29/鹿角:27/湯瀬:27/八幡平:25/男鹿:29/大潟:30/五城目:28/阿仁合:28/秋田:29/岩見三内:28/角館:28/田沢湖:28/大正寺:28/大曲:28/本荘:28/東由利:29/横手:29/にかほ:29/矢島:29/湯沢:28/湯の岱:29,八森:27/能代:28/鷹巣:28/大館:28/鹿角:26/湯瀬:27/八幡平:25/男鹿:28/大潟:29/五城目:28/阿仁合:27/秋田:29/岩見三内:28/角館:28/田沢湖:28/大正寺:28/大曲:28/本荘:29/東由利:30/横手:30/にかほ:28/矢島:29/湯沢:28/湯の岱:28,八森:26/能代:28/鷹巣:27/大館:27/鹿角:26/湯瀬:26/八幡平:25/男鹿:28/大潟:29/五城目:27/阿仁合:27/秋田:28/岩見三内:27/角館:28/田沢湖:27/大正寺:27/大曲:27/本荘:28/東由利:29/横手:28/にかほ:28/矢島:28/湯沢:27/湯の岱:28
岩手県,33,0,030000,岩手,03,0,9,種市:27/軽米:28/二戸:27/山形:27/久慈:28/荒屋:27/奥中山:26/葛巻:27/普代:27/岩手松尾:27/好摩:28/岩泉:29/小本:27/薮川:26/雫石:28/盛岡:28/区界:24/宮古:27/沢内:27/紫波:28/川井:29/大迫:28/山田:28/湯田:27/遠野:27/北上:28/釜石:29/若柳:28/江刺:29/住田:28/大船渡:28/一関:29/千厩:29,種市:26/軽米:27/二戸:27/山形:26/久慈:27/荒屋:26/奥中山:26/葛巻:26/普代:27/岩手松尾:27/好摩:27/岩泉:28/小本:27/薮川:26/雫石:28/盛岡:29/区界:24/宮古:27/沢内:27/紫波:29/川井:29/大迫:29/山田:27/湯田:28/遠野:27/北上:29/釜石:27/若柳:28/江刺:29/住田:28/大船渡:27/一関:29/千厩:29,種市:26/軽米:27/二戸:26/山形:26/久慈:28/荒屋:26/奥中山:25/葛巻:26/普代:27/岩手松尾:26/好摩:27/岩泉:28/小本:27/薮川:25/雫石:27/盛岡:28/区界:24/宮古:27/沢内:26/紫波:28/川井:28/大迫:29/山田:27/湯田:27/遠野:27/北上:29/釜石:27/若柳:28/江刺:29/住田:28/大船渡:27/一関:29/千厩:29
宮城県,34,0,040000,宮城,04,0,9,駒ノ湯:27/気仙沼:28/川渡:28/築館:28/米山:29/志津川:28/古川:28/大衡:28/鹿島台:29/石巻:27/女川:28/新川:28/塩釜:28/仙台:29/白石:29/蔵王:30/亘理:28/丸森:30,駒ノ湯:26/気仙沼:27/川渡:28/築館:28/米山:29/志津川:27/古川:28/大衡:28/鹿島台:29/石巻:27/女川:26/新川:28/塩釜:27/仙台:29/白石:30/蔵王:29/亘理:28/丸森:29,駒ノ湯:26/気仙沼:28/川渡:29/築館:29/米山:29/志津川:27/古川:28/大衡:27/鹿島台:28/石巻:27/女川:26/新川:28/塩釜:28/仙台:28/白石:29/蔵王:29/亘理:28/丸森:29
山形県,35,0,060000,山形,06,0,9,飛島:29/酒田:32/差首鍋:30/金山:29/鶴岡:31/狩川:30/新庄:30/向町:29/肘折:28/尾花沢:28/鼠ケ関:31/村山:29/大井沢:29/左沢:30/山形:30/長井:30/小国:30/高畠:30/高峰:30/米沢:31,飛島:29/酒田:32/差首鍋:30/金山:29/鶴岡:32/狩川:30/新庄:30/向町:29/肘折:28/尾花沢:29/鼠ケ関:31/村山:30/大井沢:29/左沢:30/山形:31/長井:30/小国:30/高畠:30/高峰:30/米沢:31,飛島:28/酒田:30/差首鍋:29/金山:29/鶴岡:31/狩川:29/新庄:29/向町:30/肘折:28/尾花沢:29/鼠ケ関:30/村山:30/大井沢:28/左沢:30/山形:30/長井:29/小国:29/高畠:30/高峰:29/米沢:30
福島県,36,0,070000,福島,07,0,9,茂庭:30/梁川:31/桧原:27/福島:31/相馬:30/喜多方:31/鷲倉:24/飯舘:29/西会津:30/猪苗代:29/二本松:30/金山:30/若松:31/船引:30/浪江:31/只見:30/郡山:30/川内:29/南郷:29/湯本:29/小野新町:30/広野:30/田島:28/白河:29/石川:31/桧枝岐:27/東白川:30/山田:30/小名浜:30,茂庭:30/梁川:31/桧原:27/福島:31/相馬:30/喜多方:31/鷲倉:24/飯舘:30/西会津:30/猪苗代:29/二本松:30/金山:30/若松:31/船引:30/浪江:30/只見:30/郡山:30/川内:29/南郷:30/湯本:29/小野新町:31/広野:29/田島:29/白河:29/石川:31/桧枝岐:27/東白川:30/山田:30/小名浜:30,茂庭:30/梁川:30/桧原:27/福島:31/相馬:30/喜多方:31/鷲倉:24/飯舘:29/西会津:29/猪苗代:29/二本松:30/金山:30/若松:31/船引:30/浪江:31/只見:30/郡山:30/川内:30/南郷:30/湯本:29/小野新町:30/広野:30/田島:29/白河:29/石川:31/桧枝岐:26/東白川:30/山田:30/小名浜:31
茨城県,40,0,080000,茨城,08,1,9,北茨城:29/大子:31/常陸大宮:30/日立:30/笠間:31/水戸:30/古河:32/下館:34/下妻:32/鉾田:32/つくば:31/土浦:31/鹿嶋:31/龍ケ崎:33,北茨城:30/大子:32/常陸大宮:30/日立:30/笠間:31/水戸:30/古河:33/下館:34/下妻:32/鉾田:33/つくば:31/土浦:31/鹿嶋:32/龍ケ崎:33,北茨城:30/大子:32/常陸大宮:30/日立:30/笠間:31/水戸:31/古河:32/下館:33/下妻:31/鉾田:33/つくば:32/土浦:32/鹿嶋:31/龍ケ崎:33
栃木県,41,0,090000,栃木,09,0,9,那須高原:27/五十里:30/黒磯:29/土呂部:29/大田原:31/奥日光:26/日光東町:29/塩谷:30/那須烏山:30/鹿沼:30/宇都宮:31/真岡:30/佐野:32/小山:31,那須高原:27/五十里:30/黒磯:29/土呂部:28/大田原:31/奥日光:26/日光東町:29/塩谷:30/那須烏山:31/鹿沼:31/宇都宮:31/真岡:31/佐野:32/小山:32,那須高原:27/五十里:30/黒磯:28/土呂部:28/大田原:31/奥日光:26/日光東町:30/塩谷:31/那須烏山:30/鹿沼:30/宇都宮:31/真岡:30/佐野:32/小山:31
群馬県,42,0,100000,群馬,10,1,9,藤原:29/みなかみ:30/草津:26/沼田:31/中之条:31/田代:25/前橋:31/桐生:33/上里見:31/伊勢崎:32/西野牧:32/館林:32/神流:31,藤原:29/みなかみ:30/草津:27/沼田:32/中之条:32/田代:25/前橋:32/桐生:33/上里見:32/伊勢崎:32/西野牧:32/館林:32/神流:31,藤原:29/みなかみ:30/草津:26/沼田:32/中之条:31/田代:25/前橋:32/桐生:33/上里見:32/伊勢崎:32/西野牧:31/館林:32/神流:31
埼玉県,43,0,110000,埼玉,11,1,9,寄居:32/熊谷:33/久喜:33/秩父:32/鳩山:33/さいたま:32/越谷:33/所沢:33,寄居:32/熊谷:33/久喜:33/秩父:31/鳩山:33/さいたま:32/越谷:32/所沢:33,寄居:31/熊谷:32/久喜:32/秩父:31/鳩山:33/さいたま:32/越谷:32/所沢:32
東京都,44,0,130000,東京,13,1,9,小河内:31/青梅:33/練馬:33/八王子:33/府中:33/東京:33/江戸川臨海:33/大島:32/三宅島:32/八丈島:31/父島:31,小河内:31/青梅:33/練馬:32/八王子:33/府中:33/東京:33/江戸川臨海:34/大島:32/三宅島:32/八丈島:31/父島:31,小河内:31/青梅:32/練馬:33/八王子:32/府中:32/東京:33/江戸川臨海:33/大島:32/三宅島:32/八丈島:32/父島:31
千葉県,45,0,120000,千葉,12,1,9,我孫子:32/香取:31/船橋:32/佐倉:31/銚子:33/横芝光:32/千葉:32/茂原:33/木更津:32/牛久:33/坂畑:32/鴨川:33/勝浦:32/館山:33,我孫子:32/香取:31/船橋:33/佐倉:31/銚子:34/横芝光:33/千葉:32/茂原:33/木更津:32/牛久:32/坂畑:32/鴨川:33/勝浦:33/館山:33,我孫子:32/香取:31/船橋:33/佐倉:31/銚子:33/横芝光:33/千葉:33/茂原:32/木更津:32/牛久:32/坂畑:32/鴨川:32/勝浦:31/館山:32
神奈川県,46,0,140000,神奈川,14,1,9,海老名:33/横浜:33/辻堂:33/小田原:32/三浦:34,海老名:33/横浜:33/辻堂:33/小田原:31/三浦:34,海老名:32/横浜:32/辻堂:32/小田原:31/三浦:33
長野県,48,0,200000,長野,20,1,9,野沢温泉:29/信濃町:28/飯山:30/白馬:28/長野:30/大町:29/信州新町:29/菅平:26/上田:30/穂高:30/東御:29/軽井沢:27/松本:29/立科:31/佐久:31/奈川:27/諏訪:28/開田高原:26/木祖薮原:28/辰野:29/原村:29/野辺山:26/木曽福島:29/伊那:29/南木曽:29/飯島:29/飯田:31/浪合:27/南信濃:34,野沢温泉:29/信濃町:28/飯山:30/白馬:28/長野:30/大町:29/信州新町:29/菅平:26/上田:30/穂高:30/東御:28/軽井沢:28/松本:29/立科:30/佐久:31/奈川:28/諏訪:28/開田高原:26/木祖薮原:29/辰野:29/原村:29/野辺山:26/木曽福島:29/伊那:30/南木曽:29/飯島:29/飯田:30/浪合:28/南信濃:33,野沢温泉:30/信濃町:29/飯山:32/白馬:28/長野:30/大町:29/信州新町:30/菅平:26/上田:31/穂高:31/東御:29/軽井沢:27/松本:29/立科:31/佐久:31/奈川:28/諏訪:29/開田高原:26/木祖薮原:29/辰野:29/原村:29/野辺山:26/木曽福島:29/伊那:30/南木曽:30/飯島:30/飯田:29/浪合:28/南信濃:33
山梨県,49,0,190000,山梨,19,1,9,大泉:30/韮崎:32/甲府:32/勝沼:33/大月:32/古関:32/切石:32/河口湖:29/山中:28/南部:33,大泉:30/韮崎:32/甲府:32/勝沼:33/大月:32/古関:32/切石:32/河口湖:29/山中:28/南部:33,大泉:30/韮崎:32/甲府:31/勝沼:33/大月:31/古関:32/切石:31/河口湖:28/山中:28/南部:32
静岡県,50,0,220000,静岡,22,1,9,井川:30/御殿場:29/富士:32/三島:33/佐久間:33/川根本町:32/清水:33/網代:33/静岡:32/天竜:34/浜松:33/菊川牧之原:31/松崎:33/稲取:32/磐田:31/御前崎:32/石廊崎:32,井川:29/御殿場:29/富士:32/三島:33/佐久間:33/川根本町:32/清水:33/網代:33/静岡:32/天竜:34/浜松:34/菊川牧之原:32/松崎:32/稲取:31/磐田:31/御前崎:33/石廊崎:31,井川:29/御殿場:28/富士:32/三島:33/佐久間:33/川根本町:32/清水:32/網代:32/静岡:31/天竜:33/浜松:34/菊川牧之原:31/松崎:32/稲取:31/磐田:31/御前崎:33/石廊崎:31
愛知県,51,0,230000,愛知,23,1,9,愛西:34/稲武:28/名古屋:31/豊田:31/大府:31/岡崎:32/新城:32/蒲郡:32/南知多:34/豊橋:34/伊良湖:33,愛西:34/稲武:29/名古屋:31/豊田:31/大府:32/岡崎:31/新城:32/蒲郡:31/南知多:34/豊橋:33/伊良湖:33,愛西:34/稲武:29/名古屋:32/豊田:32/大府:32/岡崎:32/新城:32/蒲郡:32/南知多:34/豊橋:34/伊良湖:33
岐阜県,52,0,210000,岐阜,21,0,9,河合:29/神岡:30/白川:29/栃尾:29/高山:29/六厩:26/宮之前:26/長滝:29/萩原:29/八幡:29/宮地:29/樽見:30/金山:30/美濃:31/黒川:29/揖斐川:31/美濃加茂:30/恵那:30/中津川:30/関ケ原:31/大垣:31/岐阜:31/多治見:31,河合:29/神岡:31/白川:30/栃尾:29/高山:29/六厩:26/宮之前:27/長滝:30/萩原:30/八幡:29/宮地:30/樽見:30/金山:30/美濃:32/黒川:29/揖斐川:31/美濃加茂:31/恵那:30/中津川:31/関ケ原:31/大垣:31/岐阜:32/多治見:31,河合:30/神岡:31/白川:31/栃尾:30/高山:29/六厩:26/宮之前:27/長滝:29/萩原:31/八幡:31/宮地:30/樽見:30/金山:31/美濃:32/黒川:29/揖斐川:31/美濃加茂:31/恵那:31/中津川:31/関ケ原:31/大垣:32/岐阜:32/多治見:32
三重県,53,0,240000,三重,24,1,9,桑名:34/四日市:32/亀山:32/上野:32/津:31/小俣:33/粥見:33/鳥羽:33/南伊勢:32/紀伊長島:33/尾鷲:32/熊野新鹿:31,桑名:35/四日市:33/亀山:32/上野:31/津:32/小俣:34/粥見:33/鳥羽:34/南伊勢:33/紀伊長島:34/尾鷲:32/熊野新鹿:31,桑名:35/四日市:32/亀山:31/上野:31/津:31/小俣:34/粥見:33/鳥羽:33/南伊勢:32/紀伊長島:33/尾鷲:32/熊野新鹿:31
新潟県,54,0,150000,新潟,15,1,9,粟島:32/弾崎:32/村上:31/相川:30/両津:31/中条:31/下関:30/新潟:31/羽茂:31/新津:32/巻:31/寺泊:32/三条:31/津川:30/長岡:31/柏崎:31/守門:30/大潟:31/小出:30/高田:31/安塚:29/十日町:29/糸魚川:31/能生:31/関山:28/津南:28/湯沢:29,粟島:31/弾崎:31/村上:31/相川:30/両津:31/中条:31/下関:31/新潟:32/羽茂:31/新津:33/巻:32/寺泊:33/三条:31/津川:30/長岡:31/柏崎:31/守門:30/大潟:32/小出:31/高田:31/安塚:30/十日町:30/糸魚川:31/能生:30/関山:29/津南:28/湯沢:29,粟島:31/弾崎:31/村上:30/相川:31/両津:31/中条:31/下関:30/新潟:31/羽茂:32/新津:32/巻:31/寺泊:33/三条:31/津川:30/長岡:31/柏崎:31/守門:30/大潟:32/小出:30/高田:32/安塚:31/十日町:30/糸魚川:31/能生:31/関山:29/津南:28/湯沢:30
富山県,55,0,160000,富山,16,0,9,朝日:31/氷見:31/魚津:31/伏木:33/富山:32/砺波:31/上市:30/南砺高宮:30/八尾:30,朝日:31/氷見:31/魚津:31/伏木:32/富山:32/砺波:32/上市:30/南砺高宮:31/八尾:31,朝日:31/氷見:31/魚津:30/伏木:31/富山:30/砺波:31/上市:30/南砺高宮:30/八尾:30
石川県,56,0,170000,石川,17,1,9,珠洲:31/輪島:31/志賀:31/七尾:31/羽咋:32/かほく:31/金沢:31/小松:31/白山河内:31/加賀中津原:31,珠洲:31/輪島:33/志賀:32/七尾:32/羽咋:32/かほく:31/金沢:32/小松:32/白山河内:31/加賀中津原:31,珠洲:31/輪島:32/志賀:32/七尾:32/羽咋:32/かほく:31/金沢:32/小松:31/白山河内:31/加賀中津原:31
福井県,57,0,180000,福井,18,0,9,三国:31/越廼:32/福井:32/勝山:30/大野:30/今庄:32/敦賀:32/美浜:31/小浜:32,三国:32/越廼:31/福井:32/勝山:30/大野:30/今庄:31/敦賀:31/美浜:30/小浜:31,三国:31/越廼:31/福井:31/勝山:30/大野:30/今庄:31/敦賀:31/美浜:31/小浜:32
滋賀県,60,0,250000,滋賀,25,0,9,今津:30/長浜:32/米原:32/南小松:32/彦根:33/東近江:31/大津:32/信楽:30/土山:31,今津:30/長浜:32/米原:31/南小松:31/彦根:32/東近江:31/大津:32/信楽:30/土山:30,今津:30/長浜:32/米原:31/南小松:30/彦根:32/東近江:31/大津:31/信楽:30/土山:30
京都府,61,0,260000,京都,26,1,9,間人:31/宮津:32/舞鶴:32/福知山:32/美山:32/園部:31/京都:32/京田辺:31,間人:30/宮津:32/舞鶴:33/福知山:32/美山:33/園部:30/京都:32/京田辺:31,間人:32/宮津:33/舞鶴:33/福知山:31/美山:32/園部:31/京都:32/京田辺:32
大阪府,62,0,270000,大阪,27,1,9,能勢:30/枚方:32/大阪:33/生駒山:28/堺:32/熊取:32,能勢:30/枚方:31/大阪:33/生駒山:27/堺:33/熊取:31,能勢:30/枚方:32/大阪:33/生駒山:28/堺:33/熊取:32
兵庫県,63,0,280000,兵庫,28,1,9,香住:31/豊岡:32/兎和野高原:29/和田山:32/生野:32/柏原:31/一宮:32/福崎:33/西脇:32/上郡:32/姫路:32/三田:31/三木:30/家島:34/明石:33/神戸:32/郡家:34/洲本:33/南淡:35,香住:31/豊岡:33/兎和野高原:30/和田山:31/生野:32/柏原:31/一宮:32/福崎:33/西脇:32/上郡:32/姫路:32/三田:30/三木:30/家島:34/明石:32/神戸:32/郡家:33/洲本:33/南淡:35,香住:32/豊岡:34/兎和野高原:28/和田山:32/生野:32/柏原:31/一宮:32/福崎:32/西脇:31/上郡:32/姫路:32/三田:31/三木:30/家島:34/明石:33/神戸:31/郡家:33/洲本:33/南淡:34
奈良県,64,0,290000,奈良,29,1,9,奈良:32/針:30/大宇陀:30/五條:32/上北山:33/風屋:31,奈良:33/針:30/大宇陀:30/五條:32/上北山:33/風屋:31,奈良:32/針:30/大宇陀:30/五條:31/上北山:32/風屋:31
和歌山県,65,0,300000,和歌山,30,1,9,かつらぎ:34/友ケ島:36/和歌山:32/高野山:28/清水:31/龍神:30/川辺:34/栗栖川:33/新宮:34/西川:32/潮岬:32,かつらぎ:34/友ケ島:36/和歌山:33/高野山:28/清水:31/龍神:30/川辺:34/栗栖川:33/新宮:34/西川:32/潮岬:31,かつらぎ:34/友ケ島:36/和歌山:31/高野山:28/清水:32/龍神:30/川辺:33/栗栖川:33/新宮:34/西川:33/潮岬:32
岡山県,66,0,330000,岡山,33,1,9,上長田:29/千屋:29/奈義:32/今岡:32/久世:33/津山:32/新見:31/福渡:32/和気:32/高梁:33/岡山:32/虫明:32/倉敷:32/笠岡:32/玉野:33,上長田:30/千屋:29/奈義:32/今岡:32/久世:32/津山:32/新見:30/福渡:32/和気:32/高梁:33/岡山:32/虫明:32/倉敷:32/笠岡:33/玉野:33,上長田:29/千屋:29/奈義:31/今岡:30/久世:32/津山:31/新見:29/福渡:32/和気:32/高梁:33/岡山:32/虫明:33/倉敷:32/笠岡:33/玉野:33
広島県,67,0,340000,広島,34,1,9,高野:29/三次:31/庄原:31/大朝:29/油木:29/加計:31/三入:30/世羅:30/府中:32/東広島:29/福山:31/廿日市津田:30/広島:30/竹原:30/生口島:30/大竹:33/呉:31/呉市蒲刈:33,高野:29/三次:31/庄原:31/大朝:30/油木:29/加計:32/三入:30/世羅:30/府中:32/東広島:30/福山:32/廿日市津田:29/広島:31/竹原:30/生口島:31/大竹:34/呉:31/呉市蒲刈:34,高野:29/三次:30/庄原:30/大朝:30/油木:29/加計:31/三入:30/世羅:30/府中:32/東広島:29/福山:32/廿日市津田:30/広島:31/竹原:29/生口島:30/大竹:32/呉:30/呉市蒲刈:32
島根県,68,0,320000,島根,32,0,9,西郷:30/海士:30/鹿島:30/松江:31/出雲:30/大田:31/掛合:31/横田:30/赤名:28/川本:31/浜田:31/瑞穂:30/弥栄:29/益田:31/津和野:31/吉賀:30,西郷:31/海士:31/鹿島:31/松江:31/出雲:31/大田:31/掛合:30/横田:30/赤名:28/川本:31/浜田:31/瑞穂:30/弥栄:29/益田:31/津和野:32/吉賀:30,西郷:30/海士:31/鹿島:30/松江:31/出雲:31/大田:32/掛合:30/横田:29/赤名:28/川本:31/浜田:31/瑞穂:30/弥栄:30/益田:32/津和野:31/吉賀:29
鳥取県,69,0,310000,鳥取,31,1,9,境:31/塩津:31/青谷:31/岩井:31/米子:32/倉吉:30/鳥取:34/智頭:32/茶屋:29,境:31/塩津:30/青谷:31/岩井:32/米子:32/倉吉:30/鳥取:33/智頭:32/茶屋:29,境:31/塩津:31/青谷:32/岩井:31/米子:32/倉吉:30/鳥取:33/智頭:32/茶屋:29
徳島県,71,0,360000,徳島,36,1,9,池田:33/穴吹:33/徳島:32/京上:32/蒲生田:33/木頭:33/日和佐:34/海陽:33,池田:34/穴吹:34/徳島:33/京上:32/蒲生田:33/木頭:33/日和佐:33/海陽:33,池田:33/穴吹:33/徳島:32/京上:31/蒲生田:34/木頭:32/日和佐:33/海陽:31
香川県,72,0,370000,香川,37,1,9,内海:35/高松:33/多度津:33/滝宮:33/引田:31/財田:34,内海:35/高松:33/多度津:34/滝宮:34/引田:32/財田:35,内海:34/高松:32/多度津:33/滝宮:32/引田:31/財田:33
愛媛県,73,0,380000,愛媛,38,1,9,大三島:33/今治:30/西条:31/新居浜:32/四国中央:33/松山:32/長浜:30/久万:30/大洲:31/瀬戸:32/宇和:32/宇和島:33/近永:32/御荘:33,大三島:33/今治:30/西条:31/新居浜:32/四国中央:33/松山:33/長浜:30/久万:31/大洲:31/瀬戸:32/宇和:32/宇和島:32/近永:33/御荘:33,大三島:33/今治:30/西条:31/新居浜:32/四国中央:32/松山:32/長浜:30/久万:31/大洲:31/瀬戸:31/宇和:31/宇和島:32/近永:31/御荘:33
高知県,74,0,390000,高知,39,1,9,本川:30/本山:32/大栃:32/高知:32/後免:31/安芸:32/梼原:29/須崎:30/窪川:32/室戸岬:31/江川崎:33/佐賀:32/宿毛:31/中村:33/清水:32,本川:30/本山:32/大栃:33/高知:32/後免:31/安芸:32/梼原:29/須崎:30/窪川:32/室戸岬:31/江川崎:34/佐賀:32/宿毛:31/中村:32/清水:32,本川:29/本山:32/大栃:32/高知:32/後免:31/安芸:32/梼原:30/須崎:30/窪川:31/室戸岬:31/江川崎:32/佐賀:31/宿毛:31/中村:33/清水:32
山口県,81,0,350000,山口,35,0,9,須佐:30/萩:31/油谷:29/徳佐:30/秋吉台:29/広瀬:32/豊田:30/山口:32/岩国:31/防府:32/下松:32/玖珂:31/下関:31/柳井:31/安下庄:32,須佐:31/萩:31/油谷:30/徳佐:30/秋吉台:29/広瀬:31/豊田:30/山口:31/岩国:32/防府:31/下松:32/玖珂:31/下関:30/柳井:31/安下庄:32,須佐:31/萩:31/油谷:30/徳佐:29/秋吉台:29/広瀬:32/豊田:31/山口:32/岩国:30/防府:32/下松:32/玖珂:31/下関:31/柳井:31/安下庄:30
福岡県,82,0,400000,福岡,40,0,9,宗像:30/八幡:30/行橋:30/飯塚:30/前原:31/福岡:32/太宰府:31/添田:31/朝倉:32/久留米:31/黒木:31/大牟田:31,宗像:29/八幡:29/行橋:31/飯塚:29/前原:30/福岡:31/太宰府:31/添田:30/朝倉:30/久留米:30/黒木:29/大牟田:31,宗像:29/八幡:30/行橋:30/飯塚:29/前原:29/福岡:32/太宰府:30/添田:29/朝倉:30/久留米:30/黒木:30/大牟田:29
大分県,83,0,440000,大分,44,1,9,国見:31/中津:31/豊後高田:32/院内:32/杵築:32/日田:31/玖珠:30/湯布院:29/大分:33/犬飼:30/竹田:30/佐伯:32/宇目:31/蒲江:32,国見:31/中津:30/豊後高田:32/院内:32/杵築:32/日田:31/玖珠:30/湯布院:30/大分:33/犬飼:32/竹田:31/佐伯:31/宇目:31/蒲江:31,国見:30/中津:30/豊後高田:32/院内:31/杵築:31/日田:30/玖珠:29/湯布院:29/大分:33/犬飼:31/竹田:30/佐伯:31/宇目:30/蒲江:30
長崎県,84,0,420000,長崎,42,0,9,鰐浦:29/厳原:30/芦辺:30/平戸:29/松浦:30/佐世保:30/西海:30/有川:29/長崎:29/雲仙岳:27/島原:31/福江:29/口之津:31/脇岬:29,鰐浦:29/厳原:30/芦辺:30/平戸:29/松浦:31/佐世保:29/西海:29/有川:28/長崎:29/雲仙岳:26/島原:31/福江:29/口之津:32/脇岬:29,鰐浦:30/厳原:30/芦辺:30/平戸:29/松浦:31/佐世保:30/西海:29/有川:29/長崎:30/雲仙岳:26/島原:30/福江:29/口之津:32/脇岬:29
佐賀県,85,0,410000,佐賀,41,0,9,唐津:31/伊万里:30/佐賀:31/嬉野:30/白石:31,唐津:30/伊万里:30/佐賀:29/嬉野:29/白石:30,唐津:31/伊万里:30/佐賀:29/嬉野:30/白石:31
熊本県,86,0,430000,熊本,43,0,9,鹿北:30/南小国:28/岱明:31/菊池:30/阿蘇乙姫:29/熊本:31/南阿蘇:30/高森:28/三角:31/甲佐:30/松島:30/本渡:30/八代:31/水俣:31/人吉:30/上:31/牛深:32,鹿北:29/南小国:28/岱明:31/菊池:30/阿蘇乙姫:28/熊本:30/南阿蘇:30/高森:29/三角:32/甲佐:31/松島:30/本渡:30/八代:32/水俣:31/人吉:31/上:31/牛深:31,鹿北:29/南小国:28/岱明:29/菊池:28/阿蘇乙姫:28/熊本:29/南阿蘇:30/高森:28/三角:31/甲佐:30/松島:31/本渡:30/八代:31/水俣:31/人吉:31/上:32/牛深:32
宮崎県,87,0,450000,宮崎,45,1,9,高千穂:30/古江:33/鞍岡:29/延岡:32/日向:32/神門:31/西米良:31/高鍋:31/加久藤:31/西都:32/小林:30/宮崎:31/田野:30/都城:30/油津:31/串間:31,高千穂:30/古江:32/鞍岡:30/延岡:32/日向:33/神門:32/西米良:32/高鍋:32/加久藤:31/西都:33/小林:30/宮崎:32/田野:30/都城:31/油津:31/串間:30,高千穂:30/古江:32/鞍岡:29/延岡:31/日向:32/神門:31/西米良:31/高鍋:31/加久藤:31/西都:32/小林:30/宮崎:31/田野:30/都城:31/油津:31/串間:32
鹿児島県（奄美地方除く）,88,1,460100,鹿児島,46,1,9,阿久根:31/大口:31/さつま柏原:30/中甑:30/川内:31/東市来:31/牧之原:27/鹿児島:30/輝北:29/加世田:30/志布志:31/喜入:30/鹿屋:31/肝付前田:31/枕崎:30/指宿:31/内之浦:32/田代:30/種子島:32/上中:31/屋久島:32/尾之間:33,阿久根:31/大口:31/さつま柏原:31/中甑:31/川内:31/東市来:31/牧之原:28/鹿児島:30/輝北:30/加世田:31/志布志:32/喜入:30/鹿屋:31/肝付前田:31/枕崎:31/指宿:31/内之浦:32/田代:30/種子島:31/上中:32/屋久島:32/尾之間:33,阿久根:31/大口:31/さつま柏原:32/中甑:32/川内:32/東市来:31/牧之原:29/鹿児島:32/輝北:30/加世田:32/志布志:32/喜入:31/鹿屋:32/肝付前田:32/枕崎:31/指宿:32/内之浦:31/田代:31/種子島:32/上中:31/屋久島:33/尾之間:33
奄美地方,88,2,460040,鹿児島,46,0,9,中之島:31/名瀬:31/古仁屋:31/伊仙:32/沖永良部:31,中之島:30/名瀬:31/古仁屋:31/伊仙:32/沖永良部:31,中之島:30/名瀬:31/古仁屋:31/伊仙:32/沖永良部:31
沖縄本島地方,91,0,471000,沖縄,47,0,9,伊是名:32/奥:31/名護:31/久米島:32/宮城島:30/渡嘉敷:30/那覇:32/糸数:30,伊是名:32/奥:31/名護:31/久米島:32/宮城島:31/渡嘉敷:29/那覇:30/糸数:29,伊是名:32/奥:30/名護:32/久米島:32/宮城島:31/渡嘉敷:29/那覇:31/糸数:30
大東島地方,92,0,472000,沖縄,47,0,9,南大東:32,南大東:31,南大東:32
宮古島地方,93,0,473000,沖縄,47,0,9,宮古島:30,宮古島:31,宮古島:31
八重山地方,94,0,474000,沖縄,47,0,9,伊原間:31/与那国島:30/西表島:31/石垣島:32/大原:31/波照間:31,伊原間:30/与那国島:30/西表島:32/石垣島:30/大原:32/波照間:32,伊原間:30/与那国島:30/西表島:31/石垣島:30/大原:31/波照間:31
